{"cameraMode":{"drawMode":0,"name":"Shaded","section":"Shading Mode"},"sceneLighting":true,"audioPlay":false,"sceneViewState":{"showFog":true,"showMaterialUpdate":false,"showSkybox":true,"showFlares":true,"showImageEffects":true,"showParticleSystems":true},"in2DMode":false,"pivot":{"x":4.267070293426514,"y":-2.0752644538879396,"z":-6.699930191040039},"rotation":{"x":-0.006200383882969618,"y":0.9813272356987,"z":-0.18955250084400178,"w":-0.032099951058626178},"size":10.0,"orthographic":false}