{"cameraMode":{"drawMode":0,"name":"Shaded","section":"Shading Mode"},"sceneLighting":true,"audioPlay":false,"sceneViewState":{"showFog":true,"showMaterialUpdate":false,"showSkybox":true,"showFlares":true,"showImageEffects":true,"showParticleSystems":true},"in2DMode":false,"pivot":{"x":653.1137084960938,"y":222.43020629882813,"z":-31.42144775390625},"rotation":{"x":0.021377868950366975,"y":-0.0041267238557338718,"z":-0.013390032574534417,"w":1.0010671615600587},"size":182.1121063232422,"orthographic":false}