{"cameraMode":{"drawMode":0,"name":"Shaded","section":"Shading Mode"},"sceneLighting":false,"audioPlay":false,"sceneViewState":{"showFog":true,"showMaterialUpdate":false,"showSkybox":false,"showFlares":true,"showImageEffects":true,"showParticleSystems":true},"in2DMode":false,"pivot":{"x":2.987215995788574,"y":-4.159639358520508,"z":14.094552040100098},"rotation":{"x":0.16463851928710938,"y":0.13914833962917329,"z":-0.03322591632604599,"w":0.9770917296409607},"size":10.0,"orthographic":false}