{"cameraMode":{"drawMode":0,"name":"Shaded","section":"Shading Mode"},"sceneLighting":false,"audioPlay":false,"sceneViewState":{"showFog":true,"showMaterialUpdate":false,"showSkybox":false,"showFlares":true,"showImageEffects":true,"showParticleSystems":true},"in2DMode":false,"pivot":{"x":946.1808471679688,"y":546.7139892578125,"z":-14.829724311828614},"rotation":{"x":0.001519799348898232,"y":0.9852760434150696,"z":-0.15207840502262116,"w":0.09768179059028626},"size":485.29254150390627,"orthographic":false}