{"cameraMode":{"drawMode":0,"name":"Shaded","section":"Shading Mode"},"sceneLighting":false,"audioPlay":false,"sceneViewState":{"showFog":true,"showMaterialUpdate":false,"showSkybox":false,"showFlares":true,"showImageEffects":true,"showParticleSystems":true},"in2DMode":false,"pivot":{"x":-0.008016634732484818,"y":0.7974883913993836,"z":-1.8882743120193482},"rotation":{"x":0.09280511736869812,"y":0.023754768073558809,"z":-0.019558418542146684,"w":0.9964973330497742},"size":0.631976306438446,"orthographic":false}