{"cameraMode":{"drawMode":0,"name":"Shaded","section":"Shading Mode"},"sceneLighting":false,"audioPlay":false,"sceneViewState":{"showFog":true,"showMaterialUpdate":false,"showSkybox":false,"showFlares":true,"showImageEffects":true,"showParticleSystems":true},"in2DMode":false,"pivot":{"x":0.9234555959701538,"y":1.3479398488998414,"z":0.32749566435813906},"rotation":{"x":-0.136321023106575,"y":0.792066216468811,"z":-0.16285403072834016,"w":-0.5743125081062317},"size":0.5955908298492432,"orthographic":false}