{"cameraMode":{"drawMode":0,"name":"Shaded","section":"Shading Mode"},"sceneLighting":false,"audioPlay":false,"sceneViewState":{"showFog":true,"showMaterialUpdate":false,"showSkybox":false,"showFlares":true,"showImageEffects":true,"showParticleSystems":true},"in2DMode":false,"pivot":{"x":0.5100337266921997,"y":0.7640393972396851,"z":-4.704387664794922},"rotation":{"x":-0.0005091794300824404,"y":0.9999746680259705,"z":-0.040837403386831287,"w":0.009634561836719513},"size":4.169778823852539,"orthographic":false}