{"cameraMode":{"drawMode":0,"name":"Shaded","section":"Shading Mode"},"sceneLighting":false,"audioPlay":false,"sceneViewState":{"showFog":true,"showMaterialUpdate":false,"showSkybox":false,"showFlares":true,"showImageEffects":true,"showParticleSystems":true},"in2DMode":false,"pivot":{"x":0.13823209702968598,"y":0.920859158039093,"z":-2.017331838607788},"rotation":{"x":-0.03103533759713173,"y":0.9847374558448792,"z":-0.15666021406650544,"w":-0.08576622605323792},"size":1.6991684436798096,"orthographic":false}