{"cameraMode":{"drawMode":0,"name":"Shaded","section":"Shading Mode"},"sceneLighting":false,"audioPlay":false,"sceneViewState":{"showFog":true,"showMaterialUpdate":false,"showSkybox":false,"showFlares":true,"showImageEffects":true,"showParticleSystems":true},"in2DMode":false,"pivot":{"x":2.4566314220428469,"y":1.249678134918213,"z":-2.3396878242492677},"rotation":{"x":0.04496191814541817,"y":-0.9040854573249817,"z":0.09674416482448578,"w":0.415481299161911},"size":3.9641077518463136,"orthographic":false}