{"cameraMode":{"drawMode":0,"name":"Shaded","section":"Shading Mode"},"sceneLighting":false,"audioPlay":false,"sceneViewState":{"showFog":true,"showMaterialUpdate":false,"showSkybox":false,"showFlares":true,"showImageEffects":true,"showParticleSystems":true},"in2DMode":false,"pivot":{"x":-2.3951945304870607,"y":1.3978087902069092,"z":0.014635086059570313},"rotation":{"x":-0.0015619689365848899,"y":-0.9369428157806397,"z":0.3513990044593811,"w":-0.005479869898408651},"size":3.9647622108459474,"orthographic":false}