{"cameraMode":{"drawMode":0,"name":"Shaded","section":"Shading Mode"},"sceneLighting":false,"audioPlay":false,"sceneViewState":{"showFog":true,"showMaterialUpdate":false,"showSkybox":false,"showFlares":true,"showImageEffects":true,"showParticleSystems":true},"in2DMode":false,"pivot":{"x":0.911250114440918,"y":1.423276662826538,"z":0.11361055076122284},"rotation":{"x":-0.020836278796195985,"y":0.9752247929573059,"z":-0.1960703283548355,"w":-0.10826661437749863},"size":0.5920459628105164,"orthographic":false}