{"cameraMode":{"drawMode":0,"name":"Shaded","section":"Shading Mode"},"sceneLighting":true,"audioPlay":false,"sceneViewState":{"showFog":true,"showMaterialUpdate":true,"showSkybox":true,"showFlares":true,"showImageEffects":true,"showParticleSystems":true},"in2DMode":false,"pivot":{"x":-0.0477697029709816,"y":3.235322952270508,"z":42.36597442626953},"rotation":{"x":0.048585373908281329,"y":-0.015528124757111073,"z":-0.011115101166069508,"w":1.000404715538025},"size":23.08627700805664,"orthographic":false}