{"cameraMode":{"drawMode":0,"name":"Shaded","section":"Shading Mode"},"sceneLighting":false,"audioPlay":false,"sceneViewState":{"showFog":true,"showMaterialUpdate":false,"showSkybox":false,"showFlares":true,"showImageEffects":true,"showParticleSystems":true},"in2DMode":false,"pivot":{"x":0.6498300433158875,"y":-0.9585309624671936,"z":-3.817512035369873},"rotation":{"x":-0.005256029311567545,"y":0.9650576114654541,"z":-0.2643029987812042,"w":-0.021229499951004983},"size":3.829301118850708,"orthographic":false}