{"cameraMode":{"drawMode":0,"name":"Shaded","section":"Shading Mode"},"sceneLighting":true,"audioPlay":false,"sceneViewState":{"showFog":true,"showMaterialUpdate":true,"showSkybox":true,"showFlares":true,"showImageEffects":true,"showParticleSystems":true},"in2DMode":false,"pivot":{"x":-14.167037963867188,"y":-20.00193214416504,"z":50.83213806152344},"rotation":{"x":0.1975446343421936,"y":-0.10377461463212967,"z":0.00868874229490757,"w":0.9765564203262329},"size":33.36774826049805,"orthographic":false}