{"cameraMode":{"drawMode":0,"name":"Shaded","section":"Shading Mode"},"sceneLighting":false,"audioPlay":false,"sceneViewState":{"showFog":true,"showMaterialUpdate":true,"showSkybox":true,"showFlares":true,"showImageEffects":true,"showParticleSystems":true},"in2DMode":false,"pivot":{"x":915.2926635742188,"y":509.39410400390627,"z":-38.543678283691409},"rotation":{"x":0.05540364608168602,"y":-0.9677367806434631,"z":-0.1675765961408615,"w":-0.19193239510059358},"size":64.65614318847656,"orthographic":false}