{"cameraMode":{"drawMode":0,"name":"Shaded","section":"Shading Mode"},"sceneLighting":true,"audioPlay":false,"sceneViewState":{"showFog":true,"showMaterialUpdate":true,"showSkybox":true,"showFlares":true,"showImageEffects":true,"showParticleSystems":true},"in2DMode":false,"pivot":{"x":117.64874267578125,"y":-137.23568725585938,"z":129.3755340576172},"rotation":{"x":-0.35246649384498598,"y":-0.32866591215133669,"z":0.14186863601207734,"w":-0.8670318126678467},"size":103.1943130493164,"orthographic":false}