{"cameraMode":{"drawMode":0,"name":"Shaded","section":"Shading Mode"},"sceneLighting":false,"audioPlay":false,"sceneViewState":{"showFog":true,"showMaterialUpdate":false,"showSkybox":false,"showFlares":true,"showImageEffects":true,"showParticleSystems":true},"in2DMode":false,"pivot":{"x":-1.042349934577942,"y":5.988570213317871,"z":21.378475189208986},"rotation":{"x":-0.08785833418369293,"y":-0.028475655242800714,"z":-0.012161252088844777,"w":0.9967971444129944},"size":11.612768173217774,"orthographic":false}