{"cameraMode":{"drawMode":0,"name":"Shaded","section":"Shading Mode"},"sceneLighting":true,"audioPlay":false,"sceneViewState":{"showFog":true,"showMaterialUpdate":false,"showSkybox":true,"showFlares":true,"showImageEffects":true,"showParticleSystems":true},"in2DMode":false,"pivot":{"x":1.8590326309204102,"y":6.254476547241211,"z":-9.106797218322754},"rotation":{"x":0.1812993735074997,"y":-0.017447397112846376,"z":-0.010725029744207859,"w":0.9848912954330444},"size":0.9507099986076355,"orthographic":false}