{"cameraMode":{"drawMode":0,"name":"Shaded","section":"Shading Mode"},"sceneLighting":false,"audioPlay":false,"sceneViewState":{"showFog":true,"showMaterialUpdate":false,"showSkybox":false,"showFlares":true,"showImageEffects":true,"showParticleSystems":true},"in2DMode":false,"pivot":{"x":0.00006794929504394531,"y":0.83613520860672,"z":-0.033693134784698489},"rotation":{"x":0.2201743870973587,"y":0.13115885853767396,"z":-0.02937227301299572,"w":0.9670014381408691},"size":1.4293015003204346,"orthographic":false}