{"cameraMode":{"drawMode":0,"name":"Shaded","section":"Shading Mode"},"sceneLighting":false,"audioPlay":false,"sceneViewState":{"showFog":true,"showMaterialUpdate":false,"showSkybox":false,"showFlares":true,"showImageEffects":true,"showParticleSystems":true},"in2DMode":false,"pivot":{"x":-0.4645688235759735,"y":-0.3068614602088928,"z":-40.44926071166992},"rotation":{"x":0.056760095059871677,"y":-0.9464219212532044,"z":0.21177875995635987,"w":0.2413800060749054},"size":73.7796859741211,"orthographic":false}