{"cameraMode":{"drawMode":0,"name":"Shaded","section":"Shading Mode"},"sceneLighting":false,"audioPlay":false,"sceneViewState":{"showFog":true,"showMaterialUpdate":false,"showSkybox":false,"showFlares":true,"showImageEffects":true,"showParticleSystems":true},"in2DMode":false,"pivot":{"x":-2.469615936279297,"y":2.5133259296417238,"z":0.06034916639328003},"rotation":{"x":0.008049055002629757,"y":-0.9832445383071899,"z":0.1822173297405243,"w":0.032405953854322436},"size":3.7435574531555177,"orthographic":false}