{"cameraMode":{"drawMode":0,"name":"Shaded","section":"Shading Mode"},"sceneLighting":true,"audioPlay":false,"sceneViewState":{"showFog":true,"showMaterialUpdate":false,"showSkybox":true,"showFlares":true,"showImageEffects":true,"showParticleSystems":true},"in2DMode":false,"pivot":{"x":-242.0851287841797,"y":-148.0662841796875,"z":-332.22503662109377},"rotation":{"x":-0.054070133715867999,"y":0.9368507862091065,"z":-0.16485927999019624,"w":-0.3049653470516205},"size":220.34742736816407,"orthographic":false}